timestamp,fov_mean,fov_std
0,22.000,0.000
1,22.000,0.000
2,22.000,0.000
3,22.000,0.000
4,22.000,0.000
5,22.000,0.000
6,22.000,0.000
7,22.000,0.000
8,22.000,0.000
9,22.000,0.000
10,22.000,0.000
11,22.000,0.000
12,22.000,0.000
13,22.000,0.000
14,22.000,0.000
15,22.000,0.000
16,22.000,0.000
17,22.000,0.000
18,22.000,0.000
19,22.000,0.000
20,22.000,0.000
21,22.000,0.000
22,22.000,0.000
23,22.000,0.000
24,22.000,0.000
25,22.000,0.000
26,22.000,0.000
27,22.000,0.000
28,22.000,0.000
29,22.000,0.000
30,22.000,0.000
31,22.000,0.000
32,22.000,0.000
33,22.000,0.000
34,22.000,0.000
35,22.000,0.000
36,22.000,0.000
37,22.000,0.000
38,22.000,0.000
39,22.000,0.000
40,22.000,0.000
41,22.000,0.000
42,22.000,0.000
43,22.000,0.000
44,22.000,0.000
45,22.000,0.000
46,22.000,0.000
47,22.000,0.000
48,22.000,0.000
49,22.000,0.000
50,22.000,0.000
51,22.000,0.000
52,22.000,0.000
53,22.000,0.000
54,22.000,0.000
55,22.000,0.000
56,22.000,0.000
57,22.000,0.000
58,22.000,0.000
59,22.000,0.000
60,22.000,0.000
61,22.000,0.000
62,22.000,0.000
63,22.000,0.000
64,22.000,0.000
65,22.000,0.000
66,22.000,0.000
67,22.000,0.000
68,22.000,0.000
69,22.000,0.000
70,22.000,0.000
71,22.000,0.000
72,22.000,0.000
73,22.000,0.000
74,22.000,0.000
75,22.000,0.000
76,22.000,0.000
77,22.000,0.000
78,22.000,0.000
79,22.000,0.000
80,22.000,0.000
81,22.000,0.000
82,22.000,0.000
83,22.000,0.000
84,22.000,0.000
85,22.000,0.000
86,22.000,0.000
87,22.000,0.000
88,22.000,0.000
89,22.000,0.000
90,22.000,0.000
91,22.000,0.000
92,22.000,0.000
93,22.000,0.000
94,22.000,0.000
95,22.000,0.000
96,22.000,0.000
97,22.000,0.000
98,22.000,0.000
99,22.000,0.000
100,22.000,0.000
101,22.000,0.000
102,22.000,0.000
103,22.000,0.000
104,22.000,0.000
105,22.000,0.000
106,22.000,0.000
107,22.000,0.000
108,22.000,0.000
109,22.000,0.000
110,22.000,0.000
111,22.000,0.000
112,22.000,0.000
113,22.000,0.000
114,22.000,0.000
115,22.000,0.000
116,22.000,0.000
117,22.000,0.000
118,22.000,0.000
119,22.000,0.000
120,22.000,0.000
121,22.000,0.000
122,22.000,0.000
123,22.000,0.000
124,22.000,0.000
125,22.000,0.000
126,22.000,0.000
127,22.000,0.000
128,22.000,0.000
129,22.000,0.000
130,22.000,0.000
131,22.000,0.000
132,22.000,0.000
133,22.000,0.000
134,22.000,0.000
135,22.000,0.000
136,22.000,0.000
137,16.100,3.143
138,22.000,0.000
139,22.000,0.000
140,22.000,0.000
141,22.000,0.000
142,22.000,0.000
143,22.000,0.000
144,20.500,3.171
145,20.500,3.171
146,19.200,3.615
147,20.500,3.171
148,19.900,3.381
149,20.500,3.171
150,21.200,2.530
151,18.100,4.122
152,19.000,3.887
153,22.000,0.000
154,21.200,2.530
155,20.500,3.171
156,18.200,4.022
157,22.000,0.000
158,20.600,2.951
159,20.500,3.171
160,18.300,3.917
161,18.400,3.806
162,22.000,0.000
163,19.100,3.755
164,17.400,3.978
165,21.200,2.530
166,16.900,3.542
167,20.500,3.171
168,17.500,3.894
169,17.700,3.713
170,20.500,3.171
171,19.800,3.553
172,22.000,0.000
173,19.700,3.713
174,19.100,3.755
175,19.600,3.864
176,19.700,3.713
177,22.000,0.000
178,18.400,3.806
179,19.800,3.553
180,19.000,3.887
181,19.800,3.553
182,21.200,2.530
183,21.300,2.214
184,22.000,0.000
185,21.300,2.214
186,21.300,2.214
187,21.300,2.214
188,21.200,2.530
189,19.700,3.713
190,19.800,3.553
191,20.500,3.171
192,20.500,3.171
193,22.000,0.000
194,20.600,2.951
195,19.100,3.755
196,21.200,2.530
197,20.500,3.171
198,19.200,3.615
199,22.000,0.000
200,19.700,3.713
201,21.300,2.214
202,19.700,3.713
203,20.500,3.171
204,19.800,3.553
205,20.500,3.171
206,19.600,3.864
207,20.500,3.171
208,18.800,4.131
209,19.800,3.553
210,19.700,3.713
211,20.400,3.373
212,19.000,3.887
213,22.000,0.000
214,19.700,3.713
215,19.800,3.553
216,21.300,2.214
217,17.300,4.057
218,19.000,3.887
219,19.800,3.553
220,18.100,4.122
221,17.400,3.978
222,18.800,4.131
223,21.300,2.214
224,18.900,4.012
225,16.700,3.683
226,18.900,4.012
227,19.700,3.713
228,17.300,4.057
229,19.800,3.553
230,19.600,3.864
231,20.500,3.171
232,20.600,2.951
233,17.500,3.894
234,18.100,4.122
235,21.200,2.530
236,20.600,2.951
237,22.000,0.000
238,22.000,0.000
239,20.500,3.171
240,21.300,2.214
241,21.300,2.214
242,22.000,0.000
243,19.800,3.553
244,19.700,3.713
245,21.300,2.214
246,19.600,3.864
247,19.800,3.553
248,19.800,3.553
249,19.100,3.755
250,19.100,3.755
251,19.800,3.553
252,20.500,3.171
253,21.200,2.530
254,20.400,3.373
255,20.400,3.373
256,18.200,4.022
257,18.300,3.917
258,19.700,3.713
259,18.200,4.022
260,18.100,4.122
261,18.900,4.012
262,18.100,4.122
263,16.700,3.683
264,18.100,4.122
265,20.500,3.171
266,19.000,3.887
267,19.700,3.713
268,19.600,3.864
269,18.900,4.012
270,18.100,4.122
271,19.100,3.755
272,19.800,3.553
273,18.800,4.131
274,18.100,4.122
275,20.400,3.373
276,18.200,4.022
277,21.300,2.214
278,21.300,2.214
279,21.100,2.846
280,19.700,3.713
281,20.400,3.373
282,21.200,2.530
283,22.000,0.000
284,19.500,4.035
285,21.200,2.530
286,20.600,2.951
287,21.200,2.530
288,22.000,0.000
289,20.500,3.171
290,22.000,0.000
291,21.300,2.214
292,22.000,0.000
293,21.200,2.530
294,22.000,0.000
295,22.000,0.000
296,22.000,0.000
297,22.000,0.000
298,22.000,0.000
299,20.400,3.373
300,19.900,3.381
301,21.200,2.530
302,20.500,3.171
303,17.700,3.713
304,20.400,3.373
305,20.400,3.373
306,20.500,3.171
307,19.600,3.893
308,21.200,2.530
309,22.000,0.000
310,21.300,2.214
311,22.000,0.000
312,22.000,0.000
313,22.000,0.000
314,22.000,0.000
315,22.000,0.000
316,22.000,0.000
317,22.000,0.000
318,22.000,0.000
319,21.200,2.530
320,22.000,0.000
321,22.000,0.000
322,22.000,0.000
323,22.000,0.000
324,22.000,0.000
325,22.000,0.000
326,22.000,0.000
327,22.000,0.000
328,22.000,0.000
329,22.000,0.000
330,18.200,4.022
331,20.500,3.171
332,22.000,0.000
333,19.700,3.713
334,21.200,2.530
335,21.200,2.530
336,20.600,2.951
337,18.900,4.012
338,17.300,4.057
339,18.700,4.296
340,19.000,3.887
341,19.700,3.713
342,18.900,4.012
343,16.500,3.808
344,17.300,4.057
345,19.000,3.887
346,20.400,3.373
347,17.400,3.978
348,15.800,3.327
349,17.200,4.158
350,19.000,3.887
351,17.200,4.158
352,18.900,4.012
353,17.400,3.978
354,17.300,4.084
355,18.300,3.917
356,17.300,4.057
357,18.900,4.012
358,20.300,3.592
359,22.000,0.000
360,22.000,0.000
361,22.000,0.000
362,22.000,0.000
363,22.000,0.000
364,22.000,0.000
365,22.000,0.000
366,21.300,2.214
367,22.000,0.000
368,20.500,3.171
369,18.100,4.122
370,21.300,2.214
371,18.900,4.012
372,19.600,3.864
373,19.600,3.893
374,20.500,3.171
375,19.600,3.864
376,17.200,4.131
377,19.900,3.381
378,19.100,3.755
379,20.500,3.171
380,19.600,3.893
381,18.900,4.012
382,22.000,0.000
383,22.000,0.000
384,21.300,2.214
385,21.200,2.530
386,22.000,0.000
387,21.300,2.214
388,21.200,2.530
389,19.900,3.381
390,19.600,3.864
391,19.700,3.713
392,18.800,4.158
393,20.600,2.951
394,19.600,3.893
395,19.700,3.713
396,18.700,4.296
397,20.400,3.373
398,19.700,3.713
399,19.800,3.553
400,18.100,4.122
401,18.900,4.012
402,19.800,3.553
403,19.800,3.553
404,20.400,3.373
405,19.700,3.743
406,20.500,3.171
407,18.800,4.131
408,18.800,4.158
409,20.300,3.592
410,19.900,3.381
411,19.700,3.713
412,18.000,4.243
413,20.500,3.171
414,19.700,3.713
415,19.000,3.887
416,19.700,3.713
417,19.000,3.887
418,20.300,3.592
419,19.100,3.755
420,18.900,4.012
421,20.300,3.592
422,20.400,3.406
423,17.500,3.894
424,19.700,3.713
425,18.900,4.012
426,18.600,4.402
427,18.800,4.158
428,17.400,3.978
429,20.400,3.373
430,17.200,4.158
431,20.400,3.373
432,19.900,3.381
433,20.500,3.171
434,17.300,4.057
435,19.600,3.893
436,20.400,3.373
437,18.900,4.012
438,17.500,3.894
439,19.700,3.743
440,19.600,3.893
441,19.000,3.887
442,21.200,2.530
443,20.500,3.171
444,22.000,0.000
445,21.200,2.530
446,22.000,0.000
447,22.000,0.000
448,20.600,2.951
449,20.500,3.171
450,18.800,4.131
451,18.900,4.012
452,19.000,3.887
453,19.700,3.713
454,17.500,3.894
455,18.300,3.917
456,17.300,4.057
457,18.900,4.012
458,16.000,3.197
459,19.000,3.887
460,19.000,3.887
461,17.400,4.006
462,20.500,3.171
463,18.000,4.216
464,17.600,3.806
465,16.600,3.777
466,18.600,4.402
467,22.000,0.000
468,21.100,2.846
469,22.000,0.000
470,21.300,2.214
471,20.600,2.951
472,21.100,2.846
473,19.600,3.893
474,21.200,2.530
475,19.600,3.893
476,21.200,2.530
477,17.100,4.254
478,19.700,3.713
479,18.800,4.131
480,19.400,4.195
481,18.200,4.022
482,17.200,4.131
483,18.800,4.158
484,18.000,4.216
485,16.700,3.683
486,21.300,2.214
487,22.000,0.000
488,19.800,3.553
489,20.400,3.406
490,19.700,3.713
491,22.000,0.000
492,22.000,0.000
493,22.000,0.000
494,22.000,0.000
495,22.000,0.000
496,22.000,0.000
497,22.000,0.000
498,22.000,0.000
499,22.000,0.000
500,22.000,0.000
501,22.000,0.000
502,19.800,3.553
503,22.000,0.000
504,20.500,3.171
505,22.000,0.000
506,20.600,2.951
507,22.000,0.000
508,22.000,0.000
509,22.000,0.000
510,22.000,0.000
511,22.000,0.000
512,22.000,0.000
513,22.000,0.000
514,22.000,0.000
515,22.000,0.000
516,22.000,0.000
517,20.300,3.592
518,22.000,0.000
519,21.200,2.530
520,21.300,2.214
521,21.300,2.214
522,21.200,2.530
523,19.600,3.864
524,21.200,2.530
525,22.000,0.000
526,22.000,0.000
527,22.000,0.000
528,21.300,2.214
529,20.600,2.951
530,18.900,4.012
531,22.000,0.000
532,20.600,2.951
533,19.900,3.381
534,19.800,3.553
535,22.000,0.000
536,21.300,2.214
537,18.900,4.012
538,20.500,3.171
539,19.600,3.893
540,22.000,0.000
541,18.000,4.243
542,19.600,3.893
543,19.600,3.893
544,15.600,3.438
545,19.100,3.755
546,18.700,4.270
547,20.500,3.171
548,20.300,3.592
549,19.600,3.864
550,19.700,3.743
551,18.700,4.270
552,18.100,4.149
553,21.300,2.214
554,18.100,4.122
555,19.900,3.381
556,18.900,5.363
557,19.600,3.864
558,20.500,3.171
559,21.200,2.530
560,19.400,4.195
561,21.200,2.530
562,21.100,2.846
563,17.300,4.084
564,19.000,3.887
565,19.600,3.864
566,17.200,4.131
567,18.200,4.022
568,18.200,4.050
569,17.400,3.978
570,16.400,3.921
571,19.600,3.864
572,17.000,4.320
573,19.700,3.713
574,18.900,4.040
575,16.600,3.748
576,18.200,4.022
577,16.600,3.748
578,18.800,4.158
579,15.600,3.438
580,17.400,4.006
581,18.800,4.131
582,18.700,4.296
583,18.100,4.122
584,16.200,4.022
585,17.200,4.185
586,18.900,4.012
587,19.700,3.713
588,18.100,4.122
589,17.300,4.111
590,18.800,4.158
591,18.100,4.149
592,19.900,3.381
593,20.400,3.373
594,22.000,0.000
595,22.000,0.000
596,21.300,2.214
597,22.000,0.000
598,22.000,0.000
599,22.000,0.000
600,22.000,0.000
601,22.000,0.000
602,22.000,0.000
603,22.000,0.000
604,22.000,0.000
605,22.000,0.000
606,22.000,0.000
607,22.000,0.000
608,22.000,0.000
609,22.000,0.000
610,22.000,0.000
611,22.000,0.000
612,22.000,0.000
613,22.000,0.000
614,22.000,0.000
615,21.100,2.846
616,21.200,2.530
617,20.400,3.373
618,22.000,0.000
619,22.000,0.000
620,22.000,0.000
621,21.300,2.214
622,21.300,2.214
623,22.000,0.000
624,22.000,0.000
625,22.000,0.000
626,22.000,0.000
627,21.300,2.214
628,20.500,3.171
629,22.000,0.000
630,22.000,0.000
631,22.000,0.000
632,22.000,0.000
633,22.000,0.000
634,22.000,0.000
635,22.000,0.000
636,22.000,0.000
637,22.000,0.000
638,22.000,0.000
639,22.000,0.000
640,21.300,2.214
641,22.000,0.000
642,21.200,2.530
643,19.600,3.893
644,21.300,2.214
645,19.600,3.893
646,20.400,3.373
647,18.800,4.158
648,20.500,3.171
649,20.500,3.171
650,20.300,3.592
651,19.700,3.713
652,18.300,3.917
653,18.800,4.158
654,19.000,3.887
655,18.700,4.270
656,18.900,4.012
657,15.600,3.438
658,18.900,4.040
659,19.000,3.887
660,17.200,4.158
661,18.000,4.243
662,17.500,3.894
663,20.400,3.406
664,18.800,4.158
665,16.600,3.777
666,18.100,4.149
667,17.600,3.836
668,20.400,3.373
669,18.200,4.022
670,20.600,2.951
671,20.500,3.171
672,20.600,2.951
673,16.300,3.974
674,19.100,3.755
675,18.200,4.022
676,17.500,3.894
677,19.700,3.713
678,18.200,4.022
679,20.400,3.406
680,19.800,3.553
681,19.800,3.553
682,21.300,2.214
683,22.000,0.000
684,18.900,4.012
685,20.500,3.171
686,22.000,0.000
687,21.200,2.530
688,20.500,3.171
689,20.600,2.951
690,21.300,2.214
691,19.100,3.755
692,21.200,2.530
693,20.400,3.373
694,22.000,0.000
695,21.300,2.214
696,22.000,0.000
697,22.000,0.000
698,22.000,0.000
699,22.000,0.000
700,22.000,0.000
701,22.000,0.000
702,22.000,0.000
703,22.000,0.000
704,21.300,2.214
705,21.200,2.530
706,21.200,2.530
707,21.300,2.214
708,21.200,2.530
709,20.400,3.406
710,21.200,2.530
711,22.000,0.000
712,21.300,2.214
713,21.200,2.530
714,22.000,0.000
715,22.000,0.000
716,21.300,2.214
717,20.500,3.171
718,21.100,2.846
719,22.000,0.000
720,22.000,0.000
721,22.000,0.000
722,21.300,2.214
723,22.000,0.000
724,21.300,2.214
725,20.600,2.951
726,22.000,0.000
727,20.300,3.592
728,20.300,3.592
729,20.500,3.171
730,19.300,4.347
731,21.300,2.214
732,19.600,3.864
733,20.600,2.951
734,19.700,3.713
735,21.100,2.846
736,18.800,4.131
737,22.000,0.000
738,17.600,3.806
739,21.300,2.214
740,19.800,3.553
741,21.200,2.530
742,19.900,3.381
743,18.400,3.806
744,20.400,3.373
745,20.300,5.376
746,20.400,3.373
747,21.200,2.530
748,17.100,4.280
749,21.200,2.530
750,20.300,3.592
751,20.400,3.373
752,19.600,3.893
753,21.300,2.214
754,19.000,3.887
755,21.200,2.530
756,18.000,4.243
757,19.700,3.713
758,19.800,3.553
759,19.600,3.893
760,18.100,4.122
761,19.400,4.195
762,19.600,3.864
763,18.100,4.149
764,22.000,0.000
765,17.300,4.084
766,22.000,0.000
767,16.600,3.777
768,18.900,4.040
769,17.200,4.158
770,20.300,3.592
771,17.400,3.978
772,16.700,3.713
773,18.200,4.050
774,17.400,3.978
775,19.900,3.381
776,15.800,3.360
777,16.800,3.615
778,16.300,3.974
779,18.900,4.012
780,19.500,4.062
781,17.100,4.254
782,21.200,2.530
783,21.200,2.530
784,18.000,4.243
785,20.500,3.171
786,19.000,3.887
787,20.600,2.951
788,19.500,4.035
789,21.200,2.530
790,22.000,0.000
791,21.200,2.530
792,22.000,0.000
793,22.000,0.000
794,22.000,0.000
795,22.000,0.000
796,19.700,3.713
797,22.000,0.000
798,22.000,0.000
799,18.700,4.270
800,21.100,2.846
801,19.600,3.864
802,18.900,4.040
803,16.400,3.893
804,17.700,4.547
805,16.800,3.645
806,18.100,4.149
807,17.700,4.572
808,19.400,4.195
809,17.800,4.467
810,19.400,4.195
811,16.900,4.408
812,14.900,2.558
813,18.800,4.131
814,16.400,3.893
815,16.000,4.163
816,15.800,3.327
817,18.000,4.243
818,15.400,3.534
819,16.400,3.921
820,17.000,4.320
821,18.100,4.149
822,19.500,4.035
823,16.400,3.893
824,18.600,4.402
825,18.200,4.022
826,16.400,3.950
827,16.500,3.866
828,17.200,4.158
829,19.700,3.713
830,18.100,4.149
831,18.700,4.270
832,19.400,4.195
833,19.700,3.713
834,19.500,4.035
835,19.900,3.381
836,21.100,2.846
837,20.400,3.406
838,15.300,3.622
839,19.000,3.887
840,18.800,4.158
841,20.600,2.951
842,18.000,4.243
843,19.900,3.381
844,19.600,3.893
845,21.200,2.530
846,18.700,4.270
847,19.700,3.713
848,19.700,3.713
849,19.700,3.713
850,18.100,4.122
851,20.500,3.171
852,19.700,3.743
853,19.500,4.035
854,18.000,4.243
855,18.700,4.270
856,19.800,3.553
857,18.000,4.269
858,18.900,4.012
859,17.100,4.228
860,18.400,3.806
861,18.700,4.296
862,19.600,3.864
863,15.200,3.615
864,17.400,4.006
865,17.500,3.894
866,16.500,3.837
867,17.800,4.442
868,17.200,4.185
869,16.300,4.029
870,17.100,4.254
871,19.500,4.035
872,17.100,4.228
873,15.400,3.534
874,17.400,4.006
875,17.000,4.346
876,20.400,3.406
877,16.100,4.122
878,18.600,4.402
879,18.800,4.158
880,17.200,4.158
881,15.700,3.401
882,15.700,3.401
883,15.600,3.406
884,18.100,4.149
885,17.000,4.320
886,15.400,3.502
887,15.700,3.401
888,17.800,4.442
889,17.200,4.158
890,16.100,4.095
891,16.300,3.945
892,18.000,4.243
893,18.900,4.040
894,20.300,3.592
895,17.000,4.320
896,18.700,4.270
897,16.400,3.921
898,18.700,4.296
899,17.000,4.320
900,17.400,4.033
901,17.300,4.111
902,17.400,3.978
903,18.200,4.022
904,18.900,4.012
905,16.300,3.945
906,18.100,4.122
907,15.700,3.401
908,18.700,4.270
909,20.500,3.171
910,20.400,3.373
911,19.100,3.755
912,19.400,4.195
913,22.000,0.000
914,20.500,3.171
915,22.000,0.000
916,20.300,3.592
917,20.400,3.373
918,21.200,2.530
919,21.200,2.530
920,20.500,3.171
921,20.500,3.171
922,20.500,3.171
923,20.600,2.951
924,20.400,3.373
925,19.700,3.713
926,21.100,2.846
927,21.300,2.214
928,19.700,3.743
929,20.500,3.171
930,18.900,4.040
931,19.700,3.713
932,20.400,3.373
933,18.000,4.269
934,18.700,4.270
935,19.700,3.713
936,19.600,3.864
937,19.600,3.893
938,18.700,4.270
939,18.100,4.122
940,16.100,4.095
941,17.000,4.346
942,17.200,4.158
943,19.500,4.035
944,19.700,3.713
945,18.600,4.427
946,18.000,4.269
947,17.400,3.978
948,20.500,3.171
949,20.600,2.951
950,21.200,2.530
951,20.500,3.171
952,20.600,2.951
953,18.900,4.012
954,22.000,0.000
955,22.000,0.000
956,22.000,0.000
957,21.100,2.846
958,21.200,2.530
959,19.600,3.893
960,21.100,2.846
961,18.900,4.040
962,21.200,2.530
963,18.900,4.040
964,18.700,4.296
965,19.300,4.347
966,19.800,3.553
967,22.000,0.000
968,22.000,0.000
969,22.000,0.000
970,21.200,2.530
971,18.000,4.243
972,22.000,0.000
973,17.800,4.442
974,18.800,4.158
975,17.800,4.442
976,18.800,4.158
977,21.300,2.214
978,17.900,4.358
979,18.800,4.158
980,18.800,4.158
981,18.700,4.270
982,17.800,4.442
983,18.700,4.270
984,16.900,4.433
985,18.500,4.528
986,17.900,4.358
987,19.500,4.035
988,20.400,3.373
989,18.800,4.158
990,19.600,3.864
991,20.400,3.373
992,17.900,4.358
993,16.300,4.001
994,17.000,3.464
995,18.800,4.158
996,19.300,4.347
997,17.800,4.467
998,18.300,3.917
999,18.700,4.322
1000,15.500,3.504
1001,17.300,4.084
1002,15.300,3.592
1003,15.700,3.368
1004,16.100,4.122
1005,16.600,4.671
1006,17.100,4.254
1007,16.100,4.095
1008,15.100,3.665
1009,15.200,3.615
1010,15.500,3.504
1011,16.100,4.122
1012,16.300,3.974
1013,16.400,3.921
1014,18.800,4.158
1015,16.700,4.620
1016,18.100,4.149
1017,16.100,4.122
1018,17.000,4.320
1019,17.800,4.442
1020,17.000,4.346
1021,16.200,4.050
1022,17.200,4.185
1023,17.200,4.185
1024,17.700,4.547
1025,16.500,3.837
1026,15.000,3.742
1027,16.900,4.408
1028,14.300,5.774
1029,19.500,4.035
1030,19.500,4.062
1031,16.800,4.492
1032,17.600,4.648
1033,17.600,4.648
1034,16.900,4.408
1035,16.700,4.596
1036,17.100,4.254
1037,19.200,4.517
1038,15.900,4.228
1039,17.700,4.547
1040,18.400,4.648
1041,17.500,4.743
1042,20.200,3.795
1043,20.200,3.795
1044,20.200,3.795
1045,17.800,4.442
1046,19.300,4.347
1047,18.600,4.402
1048,17.700,4.547
1049,18.600,4.402
1050,19.600,3.893
1051,17.900,4.358
1052,16.800,4.492
1053,19.300,4.347
1054,15.500,3.440
1055,16.300,4.001
1056,15.600,3.406
1057,16.100,4.122
1058,16.400,3.893
1059,15.900,3.247
1060,19.000,3.887
1061,17.900,4.332
1062,15.700,3.368
1063,16.700,3.713
1064,18.200,4.022
1065,16.800,4.492
1066,17.100,4.254
1067,16.300,3.974
1068,15.400,3.534
1069,18.000,4.243
1070,16.200,4.050
1071,15.800,4.315
1072,17.500,4.767
1073,17.900,4.358
1074,19.300,4.347
1075,16.800,4.492
1076,18.000,4.269
1077,16.000,4.190
1078,17.800,4.442
1079,18.500,4.528
1080,18.600,4.402
1081,18.600,4.402
1082,19.300,4.347
1083,18.700,4.296
1084,19.400,4.195
1085,18.600,4.402
1086,19.600,3.893
1087,18.600,4.402
1088,18.500,4.528
1089,18.000,4.243
1090,16.700,3.683
1091,20.500,3.171
1092,20.500,3.171
1093,19.700,3.743
1094,18.900,4.012
1095,22.000,0.000
1096,21.200,2.530
1097,21.100,2.846
1098,19.700,3.713
1099,19.700,3.713
1100,20.400,3.406
1101,22.000,0.000
1102,20.500,3.171
1103,22.000,0.000
1104,18.000,4.269
1105,19.500,4.035
1106,18.600,4.402
1107,18.500,4.577
1108,19.600,3.864
1109,18.000,4.243
1110,20.400,3.373
1111,20.300,3.653
1112,18.700,4.270
1113,20.400,3.373
1114,17.000,4.346
1115,19.600,3.893
1116,18.000,4.269
1117,18.700,4.270
1118,15.600,3.438
1119,17.700,4.572
1120,17.000,4.320
1121,16.200,4.050
1122,16.900,4.408
1123,17.700,4.547
1124,21.100,2.846
1125,18.600,4.402
1126,18.700,4.296
1127,18.600,4.402
1128,17.600,4.648
1129,18.700,4.270
1130,21.100,2.846
1131,21.200,2.530
1132,19.400,4.195
1133,18.600,4.402
1134,19.400,4.195
1135,17.800,4.442
1136,16.400,3.921
1137,17.400,4.006
1138,17.000,4.320
1139,17.100,4.254
1140,17.100,4.280
1141,15.600,3.438
1142,17.200,4.158
1143,17.000,4.320
1144,17.200,4.158
1145,14.800,2.616
1146,18.100,4.122
1147,16.900,4.408
1148,17.300,4.084
1149,17.200,4.185
1150,17.900,4.358
1151,16.300,3.974
1152,17.100,4.254
1153,20.400,3.373
1154,15.000,3.742
1155,15.000,3.712
1156,15.900,4.254
1157,17.500,4.767
1158,17.300,4.968
1159,16.600,4.648
1160,21.100,2.846
1161,18.400,4.671
1162,21.100,2.846
1163,19.500,4.062
1164,19.200,4.517
1165,18.800,4.158
1166,17.800,4.442
1167,19.200,4.517
1168,17.100,4.228
1169,15.100,3.665
1170,17.800,4.442
1171,14.300,2.791
1172,16.600,3.748
1173,18.900,4.040
1174,17.900,4.358
1175,17.300,4.084
1176,19.800,3.553
1177,19.800,3.553
1178,19.700,3.713
1179,18.800,4.158
1180,19.600,3.864
1181,18.400,3.806
1182,15.600,3.438
1183,15.200,3.645
1184,16.300,3.974
1185,16.100,4.095
1186,19.500,4.035
1187,14.100,2.885
1188,17.200,4.158
1189,17.800,4.442
1190,19.400,4.195
1191,21.200,2.530
1192,21.100,2.846
1193,17.300,4.968
1194,20.500,3.171
1195,22.000,0.000
1196,20.300,3.592
1197,18.400,4.648
1198,17.300,4.111
1199,15.300,3.561
1200,19.000,3.887
1201,19.600,3.893
1202,17.300,4.084
1203,15.500,3.504
1204,18.100,4.149
1205,19.600,3.893
1206,18.100,4.122
1207,21.200,2.530
1208,19.700,3.713
1209,21.200,2.530
1210,20.300,3.592
1211,20.400,3.373
1212,21.300,2.214
1213,18.700,4.296
1214,19.700,3.743
1215,18.000,4.269
1216,18.900,4.012
1217,17.000,4.397
1218,17.600,4.719
1219,21.100,2.846
1220,20.300,3.592
1221,20.400,3.406
1222,22.000,0.000
1223,21.300,2.214
1224,16.400,3.921
1225,18.800,4.131
1226,18.800,4.158
1227,18.100,4.149
1228,17.100,4.254
1229,17.100,4.280
1230,18.500,4.528
1231,19.300,4.373
1232,18.300,4.785
1233,20.200,3.795
1234,21.100,2.846
1235,19.300,4.347
1236,16.400,4.835
1237,14.100,2.807
1238,16.900,4.408
1239,16.200,4.077
1240,15.200,3.676
1241,14.500,2.718
1242,15.300,3.622
1243,16.300,3.974
1244,17.100,4.280
1245,17.900,4.358
1246,15.900,4.228
1247,18.400,4.671
1248,17.000,4.372
1249,18.200,4.050
1250,19.000,3.887
1251,20.500,3.171
1252,16.400,3.921
1253,21.300,2.214
1254,21.300,2.214
1255,22.000,0.000
1256,22.000,0.000
1257,18.100,4.149
1258,14.800,3.853
1259,17.900,4.332
1260,15.100,3.755
1261,18.700,4.270
1262,17.600,4.648
1263,15.900,4.228
1264,16.300,4.001
1265,15.900,4.228
1266,15.300,4.668
1267,18.700,4.270
1268,16.600,4.671
1269,16.100,4.095
1270,19.500,4.062
1271,18.600,4.402
1272,16.300,3.974
1273,16.200,4.077
1274,17.200,4.158
1275,15.300,3.592
1276,13.400,1.075
1277,21.200,2.530
1278,20.600,2.951
1279,22.000,0.000
1280,22.000,0.000
1281,22.000,0.000
1282,22.000,0.000
1283,22.000,0.000
1284,22.000,0.000
1285,21.200,2.530
1286,21.300,2.214
1287,20.500,3.171
1288,19.700,3.713
1289,22.000,0.000
1290,22.000,0.000
1291,16.300,3.945
1292,21.200,2.530
1293,18.200,4.022
1294,19.000,3.887
1295,20.600,2.951
1296,16.900,4.408
1297,15.800,4.315
1298,17.600,4.648
1299,17.300,4.084
1300,15.700,4.373
1301,17.100,4.228
1302,15.500,3.472
1303,16.800,4.492
1304,15.400,3.534
1305,18.100,4.122
1306,16.400,3.950
1307,17.400,4.006
1308,19.600,3.893
1309,21.300,2.214
1310,20.500,3.171
1311,22.000,0.000
1312,22.000,0.000
1313,22.000,0.000
1314,22.000,0.000
1315,20.600,2.951
1316,20.300,3.592
1317,17.900,4.358
1318,19.800,3.553
1319,19.600,3.893
1320,18.100,4.149
1321,18.700,4.296
1322,20.500,3.171
1323,18.600,4.427
1324,21.200,2.530
1325,19.500,4.035
1326,17.200,4.158
1327,21.200,2.530
1328,16.300,4.001
1329,22.000,0.000
1330,18.000,4.243
1331,19.800,3.553
1332,19.000,3.887
1333,19.600,3.864
1334,21.200,2.530
1335,20.400,3.373
1336,19.700,3.713
1337,20.500,3.171
1338,19.400,4.195
1339,20.500,3.171
1340,20.400,3.406
1341,20.400,3.373
1342,18.900,4.012
1343,22.000,0.000
1344,18.700,4.296
1345,20.400,3.406
1346,18.100,4.122
1347,17.700,4.572
1348,18.700,4.270
1349,20.500,3.171
1350,18.900,4.040
1351,21.200,2.530
1352,18.900,4.012
1353,19.500,4.035
1354,19.400,4.195
1355,19.500,4.062
1356,18.400,4.648
1357,19.400,4.195
1358,18.000,4.243
1359,18.300,3.917
1360,18.100,4.149
1361,18.100,4.149
1362,17.800,4.467
1363,17.800,4.492
1364,18.000,4.216
1365,15.600,3.438
1366,19.000,3.887
1367,15.100,3.755
1368,18.000,4.243
1369,18.200,4.022
1370,16.100,4.202
1371,19.000,3.887
1372,17.100,4.280
1373,18.800,4.131
1374,17.200,4.185
1375,21.200,2.530
1376,18.900,4.012
1377,17.500,4.767
1378,18.000,4.243
1379,17.200,4.211
1380,18.100,4.122
1381,16.500,3.808
1382,18.100,4.122
1383,15.900,3.281
1384,17.700,4.596
1385,17.900,4.408
1386,17.900,4.358
1387,19.500,4.035
1388,18.500,4.528
1389,18.100,4.175
1390,18.500,4.552
1391,18.500,4.552
1392,17.800,4.442
1393,17.800,4.467
1394,17.900,4.332
1395,17.300,4.057
1396,17.900,4.383
1397,18.900,4.012
1398,17.700,4.572
1399,18.000,4.243
1400,18.700,4.296
1401,18.400,4.671
1402,17.700,4.572
1403,15.900,4.280
1404,16.100,4.122
1405,18.100,4.149
1406,15.900,4.306
1407,16.700,4.620
1408,18.300,4.785
1409,18.300,4.785
1410,18.500,4.528
1411,17.100,4.254
1412,18.700,4.270
1413,16.700,4.596
1414,18.700,4.296
1415,19.600,3.893
1416,17.100,4.280
1417,19.400,4.195
1418,22.000,0.000
1419,17.800,4.442
1420,19.500,4.089
1421,20.300,3.592
1422,19.600,3.893
1423,20.300,3.653
1424,16.300,4.001
1425,17.000,4.397
1426,17.800,4.442
1427,19.400,4.195
1428,21.000,3.162
1429,20.400,3.406
1430,17.400,4.926
1431,19.700,3.743
1432,15.700,4.398
1433,15.100,3.665
1434,18.200,4.022
1435,18.400,4.671
1436,14.800,3.938
1437,15.800,4.367
1438,15.200,3.706
1439,16.100,4.095
1440,14.900,3.814
1441,15.800,4.341
1442,17.900,4.332
1443,16.600,4.719
1444,16.200,4.050
1445,15.400,3.565
1446,18.900,4.040
1447,15.500,3.536
1448,19.800,3.553
1449,16.300,4.001
1450,17.200,4.158
1451,16.900,4.458
1452,17.200,4.211
1453,21.200,2.530
1454,16.300,3.945
1455,17.200,4.185
1456,19.800,3.553
1457,17.400,3.978
1458,19.000,3.916
1459,18.500,4.552
1460,18.200,4.022
1461,16.900,4.433
1462,17.000,4.346
1463,19.600,3.893
1464,17.800,4.442
1465,17.600,4.671
1466,20.400,3.406
1467,15.800,4.341
1468,15.700,3.466
1469,18.800,4.185
1470,17.000,4.320
1471,18.400,4.671
1472,18.300,4.809
1473,17.600,4.671
1474,17.500,4.790
1475,16.200,4.077
1476,17.200,4.185
1477,17.900,4.358
1478,17.700,4.572
1479,17.100,4.254
1480,18.800,4.185
1481,18.700,4.270
1482,16.900,4.433
1483,17.800,4.467
1484,17.000,4.346
1485,20.300,3.592
1486,16.000,4.163
1487,18.600,4.427
1488,17.000,4.397
1489,15.300,3.592
1490,19.700,3.713
1491,16.200,4.050
1492,18.400,4.671
1493,18.200,4.050
1494,17.900,4.408
1495,15.500,3.504
1496,16.100,4.122
1497,17.100,4.280
1498,15.700,4.373
1499,15.700,4.373
1500,17.700,4.596
1501,17.700,4.596
1502,17.800,4.442
1503,16.100,4.149
1504,17.700,4.596
1505,16.300,4.001
1506,19.800,3.553
1507,17.900,4.383
1508,21.200,2.530
1509,21.200,2.530
1510,21.300,2.214
1511,21.200,2.530
1512,20.400,3.406
1513,19.600,3.893
1514,22.000,0.000
1515,20.500,3.171
1516,22.000,0.000
1517,19.600,3.864
1518,19.900,3.381
1519,20.600,2.951
1520,18.700,4.270
1521,16.800,3.645
1522,19.700,3.743
1523,18.800,4.158
1524,18.600,4.402
1525,16.600,4.695
1526,18.400,4.671
1527,19.500,4.035
1528,17.600,4.671
1529,15.500,4.577
1530,17.900,4.358
1531,19.400,4.195
1532,19.000,3.887
1533,16.000,4.216
1534,17.800,4.492
1535,18.700,4.270
1536,16.400,3.921
1537,16.800,4.566
1538,13.600,0.699
1539,17.100,4.228
1540,17.300,4.084
1541,15.600,4.452
1542,16.800,4.492
1543,19.300,4.373
1544,15.500,4.503
1545,15.800,4.315
1546,14.100,2.846
1547,18.500,4.577
1548,16.000,4.216
1549,15.700,3.433
1550,16.100,4.122
1551,15.000,3.742
1552,15.100,3.755
1553,13.200,0.422
1554,15.100,3.784
1555,15.900,4.280
1556,15.700,4.373
1557,20.000,4.216
1558,14.500,3.979
1559,15.100,3.725
1560,13.600,3.026
1561,15.200,3.645
1562,14.400,4.033
1563,15.600,4.452
1564,18.400,4.671
1565,15.300,4.644
1566,17.600,4.719
1567,17.900,4.408
1568,16.200,4.050
1569,14.800,3.882
1570,16.800,4.566
1571,16.100,4.149
1572,18.000,4.243
1573,19.400,4.195
1574,16.700,4.596
1575,17.900,4.358
1576,18.500,4.552
1577,18.700,4.296
1578,14.700,3.917
1579,17.500,4.767
1580,17.100,4.254
1581,18.400,4.671
1582,15.000,3.771
1583,16.700,4.572
1584,16.300,3.974
1585,16.000,4.216
1586,16.000,4.163
1587,17.400,4.926
1588,16.700,4.596
1589,16.700,4.620
1590,17.400,4.881
1591,14.400,2.836
1592,14.100,2.807
1593,14.100,2.885
1594,17.100,4.254
1595,15.700,4.398
1596,18.100,4.149
1597,16.800,4.541
1598,20.300,3.592
1599,16.800,4.492
1600,20.300,3.592
1601,20.200,3.795
1602,17.400,4.881
1603,16.000,4.269
1604,18.400,4.648
1605,16.800,4.517
1606,17.400,4.858
1607,14.900,3.755
1608,16.000,3.197
1609,14.900,3.784
1610,15.000,3.771
1611,16.100,4.095
1612,15.100,3.725
1613,16.200,4.050
1614,15.900,4.254
1615,17.400,4.881
1616,17.100,4.254
1617,16.400,3.921
1618,14.800,2.616
1619,17.900,4.358
1620,17.800,4.492
1621,19.400,4.195
1622,20.400,3.373
1623,16.800,4.492
1624,20.500,3.171
1625,16.200,4.104
1626,15.900,4.280
1627,16.900,4.508
1628,19.500,4.035
1629,17.600,4.695
1630,18.300,4.785
1631,17.600,4.671
1632,15.700,4.398
1633,18.400,4.671
1634,19.300,4.373
1635,19.300,4.347
1636,15.500,4.552
1637,17.700,4.620
1638,19.200,4.517
1639,15.200,3.676
1640,14.700,3.917
1641,18.100,4.122
1642,17.500,4.790
1643,14.200,2.860
1644,16.100,4.122
1645,16.900,4.483
1646,15.700,4.398
1647,16.500,5.104
1648,17.900,4.358
1649,14.900,3.814
1650,19.800,3.553
1651,17.800,4.467
1652,19.500,4.035
1653,16.600,4.695
1654,17.200,4.185
1655,17.600,4.648
1656,17.700,4.572
1657,16.800,4.566
1658,19.400,4.195
1659,16.900,4.458
1660,17.800,4.492
1661,17.700,4.644
1662,21.000,3.162
1663,19.600,3.893
1664,18.400,4.719
1665,18.300,4.809
1666,21.100,2.846
1667,21.300,2.214
1668,18.300,4.809
1669,17.600,4.719
1670,15.400,4.575
1671,17.500,4.767
1672,17.000,4.372
1673,15.700,4.373
1674,16.200,4.104
1675,15.900,4.280
1676,16.900,4.458
1677,15.100,3.725
1678,14.000,2.867
1679,18.200,4.022
1680,14.000,2.981
1681,19.700,3.743
1682,15.500,4.552
1683,16.600,4.695
1684,17.800,4.467
1685,17.600,4.671
1686,15.900,4.280
1687,14.300,4.084
1688,19.300,4.347
1689,16.600,4.695
1690,14.500,2.759
1691,15.300,3.561
1692,19.400,4.195
1693,17.500,4.836
1694,15.400,4.600
1695,15.700,4.423
1696,15.700,4.448
1697,18.200,4.917
1698,17.200,5.073
1699,15.200,3.676
1700,16.900,4.458
1701,17.100,4.254
1702,15.800,4.315
1703,15.900,4.254
1704,14.400,2.757
1705,17.300,4.057
1706,16.100,4.122
1707,15.000,3.801
1708,16.600,4.695
1709,16.800,4.541
1710,15.600,4.477
1711,17.500,4.813
1712,16.900,4.458
1713,16.000,4.216
1714,12.800,1.033
1715,16.900,4.408
1716,15.100,3.755
1717,15.600,4.477
1718,17.700,4.547
1719,14.100,2.998
1720,14.900,3.843
1721,14.700,3.917
1722,17.600,4.671
1723,15.300,4.668
1724,15.800,4.341
1725,17.400,4.881
1726,16.700,4.596
1727,16.600,4.671
1728,16.600,4.695
1729,17.400,4.881
1730,17.100,5.174
1731,15.300,4.668
1732,17.200,5.073
1733,18.300,4.809
1734,19.200,4.517
1735,21.000,3.162
1736,19.400,4.248
1737,20.000,4.216
1738,19.300,4.373
1739,18.100,5.043
1740,19.600,3.893
1741,20.200,3.795
1742,21.000,3.162
1743,19.400,4.248
1744,19.300,4.373
1745,19.200,4.541
1746,19.100,4.677
1747,20.300,3.653
1748,19.100,4.677
1749,20.000,4.216
1750,20.300,3.592
1751,19.100,4.677
1752,18.100,5.043
1753,21.100,2.846
1754,19.100,4.677
1755,20.300,3.592
1756,21.300,2.214
1757,20.400,3.406
1758,20.200,3.795
1759,21.100,2.846
1760,22.000,0.000
1761,22.000,0.000
1762,22.000,0.000
1763,22.000,0.000
1764,21.000,3.162
1765,20.100,4.012
1766,20.200,3.824
1767,22.000,0.000
1768,21.100,2.846
1769,20.200,3.795
1770,20.300,3.592
1771,20.200,3.795
1772,19.400,4.248
1773,17.400,4.904
1774,17.500,4.767
1775,17.300,4.990
1776,19.600,3.864
1777,21.000,3.162
1778,20.400,3.373
1779,19.200,4.517
1780,19.400,4.195
1781,19.300,4.373
1782,18.500,4.528
1783,21.100,2.846
1784,21.100,2.846
1785,20.100,4.012
1786,19.200,4.517
1787,19.100,4.677
1788,22.000,0.000
1789,21.100,2.846
1790,20.200,3.795
1791,20.200,3.824
1792,18.300,4.809
1793,18.300,4.785
1794,14.800,3.824
1795,17.400,4.881
1796,17.700,4.572
1797,17.500,4.790
1798,16.400,4.881
1799,17.200,5.095
1800,18.300,4.785
1801,15.400,4.575
1802,15.600,4.477
1803,17.700,4.547
1804,18.300,4.809
1805,18.400,4.671
1806,19.400,4.248
1807,16.600,4.695
1808,18.400,4.719
1809,17.500,4.790
1810,17.200,5.073
1811,17.600,4.719
1812,17.400,4.881
1813,19.200,4.541
1814,18.300,4.785
1815,15.200,4.709
1816,15.900,4.228
1817,14.900,3.814
1818,14.700,3.974
1819,18.600,4.402
1820,19.200,4.517
1821,20.200,3.795
1822,17.500,4.790
1823,14.600,3.950
1824,16.800,4.541
1825,15.800,4.315
1826,19.200,4.517
1827,19.200,4.517
1828,16.400,4.858
1829,14.800,3.853
1830,14.400,2.797
1831,16.200,4.077
1832,14.500,2.799
1833,15.300,3.592
1834,17.800,4.467
1835,18.700,4.296
1836,19.000,3.887
1837,19.100,3.755
1838,19.600,3.893
1839,16.200,4.050
1840,16.400,4.858
1841,16.900,4.508
1842,16.900,4.433
1843,14.200,2.860
1844,15.200,3.706
1845,14.200,2.898
1846,17.700,4.596
1847,15.400,3.596
1848,16.700,4.644
1849,15.500,4.528
1850,15.800,4.341
1851,22.000,0.000
1852,22.000,0.000
1853,21.200,2.530
1854,21.200,2.530
1855,21.200,2.530
1856,22.000,0.000
1857,22.000,0.000
1858,21.200,2.530
1859,22.000,0.000
1860,22.000,0.000
1861,22.000,0.000
1862,21.300,2.214
1863,22.000,0.000
1864,19.400,4.222
1865,18.000,4.216
1866,19.300,4.347
1867,18.900,4.040
1868,19.800,3.553
1869,18.900,4.012
1870,21.300,2.214
1871,19.600,3.893
1872,22.000,0.000
1873,19.700,3.713
1874,18.300,4.785
1875,20.500,3.171
1876,20.400,3.373
1877,19.600,3.893
1878,18.500,4.601
1879,17.200,5.224
1880,18.700,4.296
1881,16.700,4.596
1882,15.200,3.765
1883,18.700,4.322
1884,15.700,4.423
1885,18.600,4.427
1886,17.600,4.695
1887,15.900,4.280
1888,16.900,4.508
1889,16.700,4.620
1890,16.200,4.077
1891,18.100,4.149
1892,15.800,4.341
1893,20.400,3.406
1894,16.100,4.149
1895,20.200,3.824
1896,20.100,4.012
1897,19.400,4.222
1898,17.000,4.397
1899,19.600,3.893
1900,18.700,4.322
1901,18.200,4.022
1902,18.600,4.427
1903,22.000,0.000
1904,20.200,3.824
1905,18.700,4.270
1906,18.700,4.296
1907,21.300,2.214
1908,18.400,4.671
1909,21.200,2.530
1910,17.800,4.492
1911,18.000,4.243
1912,17.600,4.719
1913,16.700,4.572
1914,17.800,4.492
1915,17.600,4.671
1916,16.800,4.492
1917,16.000,4.216
1918,17.700,4.572
1919,15.200,3.645
1920,15.800,4.417
1921,17.500,4.767
1922,20.200,3.795
1923,19.500,4.035
1924,17.900,4.408
1925,21.200,2.530
1926,15.300,4.644
1927,18.800,4.211
1928,18.100,4.149
1929,17.600,4.671
1930,18.300,3.945
1931,16.700,4.620
1932,17.100,4.254
1933,17.900,4.332
1934,16.400,3.950
1935,19.500,4.089
1936,14.900,3.814
1937,17.300,4.968
1938,17.700,4.547
1939,16.600,4.742
1940,15.600,4.477
1941,16.000,4.216
1942,18.500,4.552
1943,16.300,3.974
1944,20.300,3.592
1945,18.300,4.855
1946,18.800,4.158
1947,22.000,0.000
1948,21.300,2.214
1949,22.000,0.000
1950,22.000,0.000
1951,22.000,0.000
1952,19.000,3.887
1953,21.300,2.214
1954,21.000,3.162
1955,21.100,2.846
1956,21.300,2.214
1957,22.000,0.000
1958,22.000,0.000
1959,22.000,0.000
1960,22.000,0.000
1961,22.000,0.000
1962,22.000,0.000
1963,22.000,0.000
1964,22.000,0.000
1965,22.000,0.000
1966,22.000,0.000
1967,22.000,0.000
1968,22.000,0.000
1969,22.000,0.000
1970,22.000,0.000
1971,22.000,0.000
1972,22.000,0.000
1973,21.200,2.530
1974,22.000,0.000
1975,19.000,3.887
1976,22.000,0.000
1977,21.300,2.214
1978,22.000,0.000
1979,20.300,3.592
1980,17.700,4.620
1981,17.700,4.644
1982,18.100,4.122
1983,17.200,4.185
1984,17.800,4.467
1985,18.000,4.243
1986,19.600,3.893
1987,19.800,3.553
1988,17.300,4.057
1989,18.800,4.211
1990,18.600,4.402
1991,17.300,4.138
1992,16.800,4.517
1993,21.100,2.846
1994,18.700,4.296
1995,17.900,4.358
1996,17.500,4.790
1997,18.100,4.149
1998,14.600,2.716
1999,14.900,3.843
2000,17.300,4.057
2001,15.200,3.676
2002,17.200,4.158
2003,15.500,3.472
2004,15.700,4.423
2005,18.400,4.671
2006,15.900,4.358
2007,15.100,3.725
2008,16.000,4.163
2009,17.400,4.858
2010,16.800,4.492
2011,14.600,3.950
2012,16.400,3.921
2013,19.600,3.864
2014,18.700,4.270
2015,19.800,3.553
2016,18.000,4.269
2017,17.900,4.383
2018,17.800,4.492
2019,17.000,4.372
2020,15.900,4.254
2021,17.900,4.383
2022,15.300,3.622
2023,14.200,2.821
2024,14.900,3.814
2025,14.400,2.716
2026,14.900,3.843
2027,17.100,4.254
2028,16.700,4.596
2029,15.300,3.653
2030,17.100,4.228
2031,17.900,4.358
2032,15.700,4.373
2033,18.200,4.022
2034,15.700,4.398
2035,15.900,4.306
2036,16.100,4.095
2037,15.000,3.771
2038,14.500,4.007
2039,14.600,3.978
2040,14.700,3.945
2041,13.700,2.946
2042,14.600,3.950
2043,16.600,4.671
2044,15.300,3.592
2045,16.000,4.216
2046,15.400,3.596
2047,14.700,3.889
2048,16.200,4.050
2049,16.800,4.517
2050,18.200,4.022
2051,15.800,3.360
2052,15.900,4.254
2053,18.900,4.012
2054,16.700,4.620
2055,15.500,3.504
2056,15.400,3.502
2057,17.300,4.111
2058,15.400,3.658
2059,16.200,4.104
2060,14.800,3.882
2061,15.600,4.452
2062,15.500,4.503
2063,15.500,4.503
2064,15.400,4.575
2065,16.800,4.541
2066,16.000,4.216
2067,15.800,3.327
2068,14.500,2.759
2069,16.900,4.508
2070,14.400,2.875
2071,17.600,4.671
2072,17.900,4.332
2073,17.000,4.372
2074,16.900,4.483
2075,17.200,4.185
2076,18.800,4.158
2077,17.600,4.648
2078,16.000,4.190
2079,17.500,4.813
2080,19.500,4.089
2081,20.400,3.373
2082,18.600,4.452
2083,20.500,3.171
2084,20.300,3.653
2085,22.000,0.000
2086,17.100,4.358
2087,20.500,3.171
2088,18.700,4.270
2089,21.100,2.846
2090,21.200,2.530
2091,18.100,4.149
2092,20.500,3.171
2093,21.100,2.846
2094,20.300,3.592
2095,20.400,3.406
2096,16.800,4.517
2097,19.500,4.089
2098,16.000,4.243
2099,20.500,3.171
2100,18.600,4.427
2101,19.800,3.553
2102,20.200,3.795
2103,21.200,2.530
2104,19.300,4.373
2105,19.600,3.893
2106,18.800,4.185
2107,17.700,4.547
2108,17.800,4.442
2109,20.600,2.951
2110,16.500,3.837
2111,18.000,4.243
2112,17.700,4.547
2113,15.600,3.438
2114,18.000,4.295
2115,16.500,3.837
2116,14.500,2.677
2117,16.600,3.748
2118,19.700,3.743
2119,18.900,4.040
2120,20.500,3.171
2121,17.400,3.978
2122,17.900,4.358
2123,15.000,2.539
2124,16.500,3.808
2125,16.200,4.022
2126,19.000,3.916
2127,14.600,2.716
2128,17.800,4.467
2129,18.300,3.917
2130,17.900,4.358
2131,17.200,4.158
2132,17.700,4.596
2133,18.000,4.269
2134,14.500,2.799
2135,18.100,4.149
2136,17.200,4.158
2137,15.200,3.676
2138,18.200,4.022
2139,18.700,4.296
2140,16.100,3.143
2141,18.900,4.012
2142,15.300,3.592
2143,17.500,3.894
2144,17.200,4.158
2145,15.700,3.401
2146,16.400,3.921
2147,16.300,4.001
2148,14.400,2.797
